company_name,board_slug
Deel,deel
Ibotta,ibotta
Guild,guild
Manychat,manychat
RADAR,radar
Snowflake,snowflake
Plaid,plaid
Notion,notion
Zapier,zapier
Confluent,confluent
Homebot,homebot
Envoy,envoy
SonderMind,sondermind
Iterable,iterable
Semgrep,semgrep
Secureframe,secureframe
Propelus,propelus
Automattic,automattic
Buffer,buffer
Hotjar,hotjar
Doist,doist
Basecamp,basecamp
Help Scout,helpscout
Close,close
Toggl,toggl
Hubstaff,hubstaff
Ghost,ghost
Aha!,aha
15Five,15five
DuckDuckGo,duckduckgo
Mozilla,mozilla
DataStax,datastax
Loom,loom
Circle,circle
Quora,quora
Apollo GraphQL,apollographql
Brave,brave
Bitwarden,bitwarden
Mercury,mercury
Supabase,supabase
PostHog,posthog
Stedi,stedi
Alpaca,alpaca
ReCharge,recharge
Podia,podia
Wildbit,wildbit
ConvertKit,convertkit
Float,float
Remote,remote
Oyster,oyster
Deel,deelhr
Maze,maze
Dovetail,dovetail
Airbyte,airbyte
Census,census
Hightouch,hightouch
Metabase,metabase
